SAMPLE_ID,GENE,AGE,NORMAL_VAF,TUMOR_VAF,CANCER_TYPE,CASE,DISEASE,CASE2,AGE2,SEX,RACE,STATUS,GROUP,ANNOTATION,REF_READS_BLOOD,VAR_READ_BLOOD,COPY_NUMBER_BLOOD,REF_READS_TUMOR,VAR_READS_TUMOR,COPY_NUMBER_TUMOR1,ABCC2,51,37.14,9.88,BRCA,TCGA-D8-A143,BRCA,TCGA-D8-A143,51,FEMALE,WHITE,Alive,notAML,p.G837*,65,39,2.002,146,16,1.7812,ASXL1,77,31.58,3.85,HNSC,TCGA-CV-7437,HNSC,TCGA-CV-7437,77,MALE,NA,Dead,notAML,p.R417*,65,30,2.003,125,5,2.2283,ASXL1,57,18.33,7.46,LUAD,TCGA-05-4402,LUAD,TCGA-05-4402,57,FEMALE,NA,Dead,notAML,p.L775*,49,11,1.998,62,5,1.8814,ASXL1,76,35.03,4.18,LUAD,TCGA-05-4403,LUAD,TCGA-05-4403,76,MALE,NA,Alive,notAML,p.R548fs,128,69,2,229,10,1.9625,ASXL1,65,17.88,1.57,STAD,TCGA-BR-8373,STAD,TCGA-BR-8373,65,FEMALE,WHITE,Alive,notAML,p.Y591*,124,27,1.986,125,2,2.3896,ASXL1,81,27.27,7.69,UCEC,TCGA-A5-A0R8,UCEC,TCGA-A5-A0R8,81,FEMALE,WHITE,Alive,notAML,p.Q733fs,16,6,2.003,48,4,2.0057,ASXL2,66,17.37,0.6,LGG,TCGA-DU-6400,LGG,TCGA-DU-6400,66,FEMALE,WHITE,Dead,notAML,e12-2,138,29,1.996,167,1,2.1968,BCORL1,56,22.45,0,PRAD,TCGA-EJ-5526,PRAD,TCGA-EJ-5526,56,MALE,WHITE,Alive,notAML,p.S264*,114,33,NA,128,0,NA9,CBL,83,18.98,5.88,HNSC,TCGA-CR-7376,HNSC,TCGA-CR-7376,83,MALE,WHITE,Alive,notAML,p.R540*,111,26,2.004,111,7,1.99410,CHEK2,67,17.44,5.95,LGG,TCGA-DU-7306,LGG,TCGA-DU-7306,67,MALE,WHITE,Alive,notAML,p.K416E,71,15,2.003,79,5,1.98511,CHEK2,65,25,4.17,LUAD,TCGA-97-7937,LUAD,TCGA-97-7937,65,MALE,WHITE,Alive,notAML,p.K416E,24,8,2.004,46,2,1.87412,CHEK2,63,12.82,0,LUAD,TCGA-95-7043,LUAD,TCGA-95-7043,63,FEMALE,WHITE,Alive,notAML,p.K416E,34,5,2.011,45,0,2.19113,CYP2D6,34,38.64,0,BRCA,TCGA-AO-A03L,BRCA,TCGA-AO-A03L,34,FEMALE,ASIAN,Alive,notAML,p.R343Q,54,34,1.998,9,0,1.54114,DNMT3A,62,21.43,0,BRCA,TCGA-E9-A1RG,BRCA,TCGA-E9-A1RG,62,FEMALE,WHITE,Alive,notAML,p.R882H,22,6,2.002,23,0,2.19515,DNMT3A,64,34.88,9,BRCA,TCGA-BH-A0DL,BRCA,TCGA-BH-A0DL,64,FEMALE,WHITE,Alive,notAML,p.F851fs,252,135,1.998,465,46,2.11716,DNMT3A,81,15.79,3.26,GBM,TCGA-06-0142,GBM,TCGA-06-0142,81,MALE,WHITE,Dead,notAML,p.R882C,64,12,2.009,89,3,2.01117,DNMT3A,64,35.56,1.92,GBM,TCGA-81-5910,GBM,TCGA-81-5910,64,MALE,WHITE,Dead,notAML,p.R882H,29,16,1.995,51,1,2.01518,DNMT3A,75,38,4,GBM,TCGA-06-2558,GBM,TCGA-06-2558,75,FEMALE,WHITE,Dead,notAML,p.Y584fs,31,19,2.004,24,1,2.14219,DNMT3A,72,20.6,0.87,GBM,TCGA-06-2563,GBM,TCGA-06-2563,72,FEMALE,WHITE,Alive,notAML,p.E469*,185,48,2.003,229,2,2.00820,DNMT3A,76,11.81,0,GBM,TCGA-12-3649,GBM,TCGA-12-3649,76,MALE,WHITE,Dead,notAML,e21-2,112,15,1.996,69,0,2.06621,DNMT3A,72,24.14,0,HNSC,TCGA-CR-7370,HNSC,TCGA-CR-7370,72,FEMALE,WHITE,Alive,notAML,p.K577fs,22,7,2.001,23,0,1.93222,DNMT3A,76,31.91,5,LUSC,TCGA-21-5783,LUSC,TCGA-21-5783,76,MALE,WHITE,Dead,notAML,p.R882H,32,15,1.999,76,4,2.6723,DNMT3A,60,35.79,3.7,PRAD,TCGA-G9-6356,PRAD,TCGA-G9-6356,60,MALE,WHITE,Alive,notAML,e12-1,61,34,2,78,3,2.00824,DNMT3A,69,12.17,0,STAD,TCGA-BR-7197,STAD,TCGA-BR-7197,69,MALE,WHITE,Alive,notAML,p.R882C,101,14,1.998,62,0,1.9225,DNMT3A,60,18.29,6.25,STAD,TCGA-D7-A4Z0,STAD,TCGA-D7-A4Z0,60,FEMALE,WHITE,Alive,notAML,p.R882C,67,15,NA,75,5,1.95226,DNMT3A,75,16.03,0,STAD,TCGA-BR-A4QL,STAD,TCGA-BR-A4QL,75,FEMALE,WHITE,Alive,notAML,p.S770*,131,25,2.008,130,0,1.98227,DNMT3A,77,33.85,0,UCEC,TCGA-AX-A060,UCEC,TCGA-AX-A060,77,FEMALE,AMERICAN INDIAN or ALASKA NATIVE,Alive,notAML,e22-1,43,22,NA,34,0,1.9528,DNMT3A,74,22.06,5.71,UCEC,TCGA-D1-A16G,UCEC,TCGA-D1-A16G,74,FEMALE,WHITE,Dead,notAML,p.W314*,106,30,1.998,165,10,2.46329,EGFR,62,13.61,0,GBM,TCGA-12-0821,GBM,TCGA-12-0821,62,MALE,WHITE,Dead,notAML,p.A289T,145,23,2.001,807,0,3.06730,EGFR,45,31.75,0,LGG,TCGA-DU-7290,LGG,TCGA-DU-7290,45,FEMALE,WHITE,Dead,notAML,p.G598V,86,40,2.001,93,0,2.09331,EPPK1,39,43.14,7.27,BRCA,TCGA-AO-A126,BRCA,TCGA-AO-A126,39,FEMALE,ASIAN,Alive,notAML,p.E1909fs,29,22,2,51,4,2.0632,FANCD2,57,49.74,7.08,OV,TCGA-42-2591,OV,TCGA-42-2591,57,FEMALE,WHITE,Alive,notAML,e27+1,95,94,2.024,105,8,2.34233,GNAS,76,14.44,0.47,GBM,TCGA-19-2625,GBM,TCGA-19-2625,76,FEMALE,WHITE,Dead,notAML,p.R202H,77,13,2.014,214,1,2.18334,GNAS,59,11.54,1.45,HNSC,TCGA-D6-A4Z9,HNSC,TCGA-D6-A4Z9,59,MALE,WHITE,Alive,notAML,p.R202H,69,9,2.004,68,1,2.09235,GNAS,69,21.43,0,LUAD,TCGA-67-4679,LUAD,TCGA-67-4679,69,MALE,WHITE,Alive,notAML,p.R202H,77,21,2.005,84,0,1.96936,HDAC4,72,18,1.45,GBM,TCGA-26-5135,GBM,TCGA-26-5135,72,FEMALE,WHITE,Dead,notAML,p.P412R,40,9,2,68,1,2.01437,HIST1H2BD,66,39.76,9.77,STAD,TCGA-BR-8360,STAD,TCGA-BR-8360,66,MALE,WHITE,Alive,notAML,p.E106fs,150,99,1.999,120,13,1.96538,JAK2,57,21.52,0.87,GBM,TCGA-06-0240,GBM,TCGA-06-0240,57,MALE,WHITE,Dead,notAML,p.V617F,186,51,2.015,114,1,1.99339,JAK2,72,73.39,0.71,GBM,TCGA-26-5135,GBM,TCGA-26-5135,72,FEMALE,WHITE,Dead,notAML,p.V617F,58,160,1.985,275,2,2.02240,JAK2,59,28.57,1.46,KIRC,TCGA-B4-5834,KIRC,TCGA-B4-5834,59,MALE,WHITE,Alive,notAML,p.V617F,75,30,2.002,202,3,1.98941,JAK2,45,15.87,0,LGG,TCGA-HW-7495,LGG,TCGA-HW-7495,45,FEMALE,WHITE,Alive,notAML,p.V617F,53,10,2.007,113,0,2.03142,JAK2,76,41.62,6.38,LUAD,TCGA-05-4403,LUAD,TCGA-05-4403,76,MALE,NA,Alive,notAML,p.V617F,108,77,2.001,88,6,1.97543,JAK2,72,27.62,2.8,LUAD,TCGA-99-8025,LUAD,TCGA-99-8025,72,FEMALE,BLACK or AFRICAN AMERICAN,Alive,notAML,p.V617F,76,29,2.002,139,4,1.84844,JAK2,59,35.9,5.33,UCEC,TCGA-AP-A0LQ,UCEC,TCGA-AP-A0LQ,59,FEMALE,WHITE,Alive,notAML,p.V617F,75,42,2.007,160,9,1.97545,JAK2,74,42.92,8.77,UCEC,TCGA-BK-A139,UCEC,TCGA-BK-A139,74,FEMALE,WHITE,Alive,notAML,p.V617F,124,94,1.996,156,15,1.5846,MC1R,74,56.52,0,UCEC,TCGA-D1-A17K,UCEC,TCGA-D1-A17K,74,FEMALE,WHITE,Alive,notAML,p.I180fs,10,13,NA,12,0,NA47,MYLK,82,19.18,0,UCEC,TCGA-AX-A05T,UCEC,TCGA-AX-A05T,82,FEMALE,WHITE,Alive,notAML,p.Q1392*,59,14,NA,70,0,1.97248,NOTCH3,75,31.43,0,STAD,TCGA-BR-A4QL,STAD,TCGA-BR-A4QL,75,FEMALE,WHITE,Alive,notAML,p.A284T,24,11,2.001,48,0,1.97649,NOTCH4,34,27.03,8.33,BRCA,TCGA-AO-A03L,BRCA,TCGA-AO-A03L,34,FEMALE,ASIAN,Alive,notAML,p.L16in_frame_del,54,20,2.007,66,6,2.36750,PPM1D,79,35.42,2.11,BRCA,TCGA-A7-A0CH,BRCA,TCGA-A7-A0CH,79,FEMALE,WHITE,Alive,notAML,p.Q520*,124,68,NA,230,5,1.98251,PPM1D,49,21.23,3.31,UCEC,TCGA-D1-A16D,UCEC,TCGA-D1-A16D,49,FEMALE,WHITE,Alive,notAML,p.S468*,115,31,2.007,146,5,1.99852,PRKDC,72,36.46,1.06,GBM,TCGA-26-5135,GBM,TCGA-26-5135,72,FEMALE,WHITE,Dead,notAML,p.Q1389R,61,35,1.998,93,1,2.01353,RICTOR,71,18.75,0,BRCA,TCGA-BH-A0DS,BRCA,TCGA-BH-A0DS,71,FEMALE,WHITE,Alive,notAML,e9-1,38,9,2.001,74,0,2.02954,SETBP1,72,30.95,0.68,GBM,TCGA-26-5135,GBM,TCGA-26-5135,72,FEMALE,WHITE,Dead,notAML,p.E603A,87,39,1.999,144,1,2.02355,SF1,63,11.76,0,LUAD,TCGA-95-7043,LUAD,TCGA-95-7043,63,FEMALE,WHITE,Alive,notAML,p.G407V,30,4,2.005,42,0,2.52356,SF3B1,89,13.86,0,GBM,TCGA-41-2571,GBM,TCGA-41-2571,89,MALE,WHITE,Dead,notAML,p.K700E,87,14,1.992,175,0,2.03757,SF3B1,77,43.04,10,KIRC,TCGA-B0-5698,KIRC,TCGA-B0-5698,77,MALE,BLACK or AFRICAN AMERICAN,Alive,notAML,p.K700E,45,34,1.993,90,10,1.98158,SH2B3,66,22.39,5.56,BRCA,TCGA-BH-A0B1,BRCA,TCGA-BH-A0B1,66,FEMALE,WHITE,Alive,notAML,e3+1,104,30,2.002,51,3,NA59,SOS1,63,12.5,0,LUAD,TCGA-95-7043,LUAD,TCGA-95-7043,63,FEMALE,WHITE,Alive,notAML,p.G414W,28,4,2.003,47,0,2.19760,TET2,75,33.01,2.09,GBM,TCGA-06-2558,GBM,TCGA-06-2558,75,FEMALE,WHITE,Dead,notAML,p.Q764fs,69,34,2.003,234,5,2.10461,TET2,83,20.39,0.78,GBM,TCGA-06-2559,GBM,TCGA-06-2559,83,MALE,WHITE,Dead,notAML,p.Q888*,82,21,2.006,127,1,1.99662,TET2,83,50,2.73,GBM,TCGA-06-2559,GBM,TCGA-06-2559,83,MALE,WHITE,Dead,notAML,p.F381fs,91,91,2.006,321,9,1.99663,TET2,64,11.67,0,GBM,TCGA-81-5910,GBM,TCGA-81-5910,64,MALE,WHITE,Dead,notAML,p.H863fs,53,7,2,75,0,2.06364,TET2,72,19.05,0.79,GBM,TCGA-26-5135,GBM,TCGA-26-5135,72,FEMALE,WHITE,Dead,notAML,p.T229fs,102,24,2.004,126,1,1.99265,TET2,75,26.42,0,LUAD,TCGA-69-7764,LUAD,TCGA-69-7764,75,MALE,WHITE,Alive,notAML,p.Q852fs,39,14,1.999,33,0,1.54966,TET2,85,15.09,5.71,OV,TCGA-36-2543,OV,TCGA-36-2543,85,FEMALE,NA,Dead,notAML,p.K889*,135,24,2.013,132,8,1.57367,TP53,70,34.62,6.67,LUAD,TCGA-50-5049,LUAD,TCGA-50-5049,70,MALE,WHITE,Alive,notAML,p.R273L,17,9,2.003,28,2,1.72768,TP53,NA,15.96,5.13,STAD,TCGA-D7-A6F2,STAD,TCGA-D7-A6F2,NA,NA,NA,NA,notAML,p.Q144*,79,15,NA,37,2,NA